Modelo;Família;Tipo;Portas;Capacidade (L)
VR08;VR;Refrigerador;1;244
VR09;VR;Refrigerador;1;~250
VR1.3;VR;Refrigerador;1;~45
VR1.5;VR;Refrigerador;1;~56
VRS13;VR/VRS;Refrigerador;1;393
VRS16;VR/VRS;Refrigerador;1;485
VRS19;VR/VRS;Refrigerador;1;569
G326;G3;Refrigerador;2;810
G342;G3;Refrigerador;3;~1160
G3D26;G3;Refrigerador;2;~810
G3Q42;G3;Refrigerador;2;~1160
G3T42;G3;Refrigerador;3;1241
EVF08;EVF;Congelador;1;203,5
EVF19;EVF;Congelador;1;558
EVZ21;EVZ;Multifuncional;1;576
EVC01;EVC;Adega;1;~54
EVC05;EVC;Refrigerador;1;A confirmar
EVC07;EVC;Refrigerador;1;A confirmar
CCV144;CCV;Cervejeira;1;244
CCV168;CCV Deluxe;Cervejeira / Refrigerador;1;266
CCV290;CCV;Cervejeira;1;393
CCV315;CCV;Cervejeira;1;485
CCV355;CCV;Cervejeira;1;569
CCV480;CCV;Cervejeira;2;810
